Workbook

Sheet Calculation Check
A1: Broker Ledger - Calculation Check
A2: Totals use numeric values in the source columns; text placeholders such as "na" are ignored.
A4: Metric | B4: Calculated total | C4: Independent check
A5: Total Freight | B5: =SUM('Grouped View'!K:K) | C5: =IF(B5=252000,"OK","REVIEW")
A6: Total Advance | B6: =SUM('Grouped View'!O:O) | C6: =IF(B6=149200,"OK","REVIEW")
A7: Total P/M | B7: =SUM('Grouped View'!Y:Y) | C7: =IF(B7=500,"OK","REVIEW")
A8: Pending Amount | B8: =SUM('Grouped View'!Z:Z) | C8: =IF(B8=24500,"OK","REVIEW")
A9: Extra Amount | B9: =SUM('Grouped View'!W:W) | C9: =IF(B9=5000,"OK","REVIEW")
A10: Numeric COD / To-Pay | B10: =SUM('Grouped View'!U:U) | C10: =IF(B10=82000,"OK","REVIEW")
A11: Pending Amount: Tobilled | B11: =SUM('Grouped View'!V:V) | C11: =IF(B11=20000,"OK","REVIEW")
A14: Status | B14: Shipment count
A15: TOBILLED | B15: =COUNTIF('Grouped View'!M:M,A15)
A16: A/TO-PAY | B16: =COUNTIF('Grouped View'!M:M,A16)
A17: F/TO-PAY | B17: =COUNTIF('Grouped View'!M:M,A17)
A19: Record count | B19: =COUNTA('Grouped View'!A:A)-3
A21: Calculation notes
A22: Pending Amount (?24,500) and Pending Amount: Tobilled (?20,000) are separate source columns and are reported separately. Numeric COD / To-Pay entries total ?82,000; text placeholders are excluded.

Sheet Broker Ledger
A1: SL NO | B1: TRSP NAME | C1: DATE | D1: LR NO | E1: TRUCK NO | F1: FROM | G1: TO | H1: ACCOUNT NO | I1: IFSC CODE | J1: PAYMENT MADE | K1: FRIGHT | L1: DATE | M1: ToPayStatus | N1: T/M | O1: ADVANCE | P1: DATE 2 | Q1: ADVANCE2 | R1: DATE3 | S1: ADVANCE3 | T1: POD RECD Date | U1: Cash on Delivery (COD) :A/Topay&Ftopay | V1: Pending Amount: Tobilled | W1: Extra Amount | X1: PM/PA Date | Y1: P/M | Z1: Pending Amount | AA1: POD Amount Status | AB1: REMARKS / NOTE
A2: 1 | B2: ANTP SAINATH | C2: 20-08-2026 | D2: 207 | E2: AP39UD3564 | F2: LUCKNOW | G2: MEDCHAL | H2: 38216860303 | I2: SBIN0010659 | J2: SBI BANK | K2: 60000 | L2: 02-09-2026 | M2: TOBILLED | N2: 300 | O2: 49700 | P2: na | Q2: 0 | R2: na | S2: 0 | T2: 46254 | U2: if Tobilled NA | V2: =K2-N2-O2-Q2-S2 | W2: 0 | X2: 46262 | Y2: 200 | Z2: =V2+W2-Y2 | AA2: =IF(M2="TOBILLED",V2+W2-Y2-Z2)
A3: 2 | B3: SARITHA TRSP | C3: 03-09-2026 | D3: 208 | E3: TG15T6666 | F3: RAIPUR | G3: MEDCHAL | H3: 0312035592 | I3: KKBK0008406 | J3: KKBK BANK | K3: 60000 | L3: 15-10-2026 | M3: TOBILLED | N3: 300 | O3: 49700 | P3: na | Q3: 0 | R3: na | S3: 0 | T3: 07-09-2026 | U3: if Tobilled NA | V3: =K3-N3-O3-Q3-S3 | W3: 5000 | X3: 46263 | Y3: 300 | Z3: =V3+W3-Y3 | AA3: =IF(M3="TOBILLED",V3+W3-Y3-Z3) | AB3: Halted
A7: SL NO | B7: TRSP NAME | C7: DATE | D7: LR NO | E7: TRUCK NO | F7: FROM | G7: TO | H7: ACCOUNT NO | I7: IFSC CODE | J7: PAYMENT MADE | K7: FRIGHT | L7: DATE | M7: ToPayStatus | N7: T/M | O7: ADVANCE | P7: DATE 2 | Q7: ADVANCE2 | R7: DATE3 | S7: ADVANCE3 | T7: POD RECD Date | U7: Cash on Delivery (COD) :A/Topay&Ftopay | V7: Pending Amount: Tobilled | W7: Extra Amount | X7: PM/PA Date | Y7: P/M | Z7: Pending Amount | AA7: POD Amount Status | AB7: REMARKS / NOTE
A8: 4 | B8: SARITHA TRSP | C8: 01-10-2026 | D8: 196 | E8: TG15T6666 | F8: MEDCHAL | G8: MADHAPURA | H8: 0312035592 | I8: KKBK0008406 | J8: KKBK BANK | K8: 90000 | L8: 17-10-2026 | M8: A/TO-PAY | N8: 200 | O8: 49800 | P8: na | Q8: 0 | R8: na | S8: 0 | T8: 19-10-2026 | U8: =K8-N8-O8-Q8-S8 | V8: if A/Topay&Ftopay Na | W8: 0 | X8: 46265 | Y8: 0 | Z8: =K8-N8-O8-U8 | AA8: 0
A11: SL NO | B11: TRSP NAME | C11: DATE | D11: LR NO | E11: TRUCK NO | F11: FROM | G11: TO | H11: ACCOUNT NO | I11: IFSC CODE | J11: PAYMENT MADE | K11: FRIGHT | L11: DATE | M11: ToPayStatus | N11: T/M | O11: ADVANCE | P11: DATE 2 | Q11: ADVANCE2 | R11: DATE3 | S11: ADVANCE3 | T11: POD RECD Date | U11: Cash on Delivery (COD) :A/Topay&Ftopay | V11: Pending Amount: Tobilled | W11: Extra Amount | X11: PM/PA Date | Y11: P/M | Z11: Pending Amount | AA11: POD Amount Status | AB11: REMARKS / NOTE
A12: 3 | B12: CG RANCHI R/WAYS | C12: 29-09-2026 | D12: 195 | E12: CG08AZ4714 | F12: MEDCHAL | G12: PANKANJUR | H12: 29122900001083 | I12: DCBL0000291 | J12: DCB BANK | K12: 42000 | L12: 01-10-2026 | M12: F/TO-PAY | N12: 0 | O12: 0 | P12: na | Q12: 0 | R12: na | S12: 0 | T12: Pending | U12: =K12-N12-O12-Q12-S12 | V12: if A/Topay&Ftopay Na | W12: 0 | X12: 46264 | Y12: 0 | Z12: =K12-N12-O12-U12 | AA12: 0 | AB12: F/TO-PAY Shipment

Sheet Grouped View
A1: SL NO | B1: TRSP NAME | C1: DATE | D1: LR NO | E1: TRUCK NO | F1: FROM | G1: TO | H1: ACCOUNT NO | I1: IFSC CODE | J1: PAYMENT MADE | K1: FRIGHT | L1: DATE | M1: ToPayStatus | N1: T/M | O1: ADVANCE | P1: DATE 2 | Q1: ADVANCE2 | R1: DATE3 | S1: ADVANCE3 | T1: POD RECD Date | U1: Cash on Delivery (COD) :A/Topay&Ftopay | V1: Pending Amount: Tobilled | W1: Extra Amount | X1: PM/PA Date | Y1: P/M | Z1: Pending Amount | AA1: POD Amount Status | AB1: REMARKS / NOTE
A2: 1 | B2: ANTP SAINATH | C2: 20-08-2026 | D2: 207 | E2: AP39UD3564 | F2: LUCKNOW | G2: MEDCHAL | H2: 38216860303 | I2: SBIN0010659 | J2: SBI BANK | K2: 60000 | L2: 02-09-2026 | M2: TOBILLED | N2: 300 | O2: 49700 | P2: na | Q2: 0 | R2: na | S2: 0 | T2: 46254 | U2: if Tobilled NA | V2: =K2-N2-O2-Q2-S2 | W2: 0 | X2: 46262 | Y2: 200 | Z2: =V2+W2-Y2 | AA2: =IF(M2="TOBILLED",V2+W2-Y2-Z2)
A3: 2 | B3: SARITHA TRSP | C3: 03-09-2026 | D3: 208 | E3: TG15T6666 | F3: RAIPUR | G3: MEDCHAL | H3: 0312035592 | I3: KKBK0008406 | J3: KKBK BANK | K3: 60000 | L3: 15-10-2026 | M3: TOBILLED | N3: 300 | O3: 49700 | P3: na | Q3: 0 | R3: na | S3: 0 | T3: 07-09-2026 | U3: if Tobilled NA | V3: =K3-N3-O3-Q3-S3 | W3: 5000 | X3: 46263 | Y3: 300 | Z3: =V3+W3-Y3 | AA3: =IF(M3="TOBILLED",V3+W3-Y3-Z3) | AB3: Halted
A6: SL NO | B6: TRSP NAME | C6: DATE | D6: LR NO | E6: TRUCK NO | F6: FROM | G6: TO | H6: ACCOUNT NO | I6: IFSC CODE | J6: PAYMENT MADE | K6: FRIGHT | L6: DATE | M6: ToPayStatus | N6: T/M | O6: ADVANCE | P6: DATE 2 | Q6: ADVANCE2 | R6: DATE3 | S6: ADVANCE3 | T6: POD RECD Date | U6: Cash on Delivery (COD) :A/Topay&Ftopay | V6: Pending Amount: Tobilled | W6: Extra Amount | X6: PM/PA Date | Y6: P/M | Z6: Pending Amount | AA6: POD Amount Status | AB6: REMARKS / NOTE
A7: 4 | B7: SARITHA TRSP | C7: 01-10-2026 | D7: 196 | E7: TG15T6666 | F7: MEDCHAL | G7: MADHAPURA | H7: 0312035592 | I7: KKBK0008406 | J7: KKBK BANK | K7: 90000 | L7: 17-10-2026 | M7: A/TO-PAY | N7: 200 | O7: 49800 | P7: na | Q7: 0 | R7: na | S7: 0 | T7: 19-10-2026 | U7: =K7-N7-O7-Q7-S7 | V7: if A/Topay&Ftopay Na | W7: 0 | X7: 46265 | Y7: 0 | Z7: =K7-N7-O7-U7 | AA7: 0
A10: SL NO | B10: TRSP NAME | C10: DATE | D10: LR NO | E10: TRUCK NO | F10: FROM | G10: TO | H10: ACCOUNT NO | I10: IFSC CODE | J10: PAYMENT MADE | K10: FRIGHT | L10: DATE | M10: ToPayStatus | N10: T/M | O10: ADVANCE | P10: DATE 2 | Q10: ADVANCE2 | R10: DATE3 | S10: ADVANCE3 | T10: POD RECD Date | U10: Cash on Delivery (COD) :A/Topay&Ftopay | V10: Pending Amount: Tobilled | W10: Extra Amount | X10: PM/PA Date | Y10: P/M | Z10: Pending Amount | AA10: POD Amount Status | AB10: REMARKS / NOTE
A11: 3 | B11: CG RANCHI R/WAYS | C11: 29-09-2026 | D11: 195 | E11: CG08AZ4714 | F11: MEDCHAL | G11: PANKANJUR | H11: 29122900001083 | I11: DCBL0000291 | J11: DCB BANK | K11: 42000 | L11: 01-10-2026 | M11: F/TO-PAY | N11: 0 | O11: 0 | P11: na | Q11: 0 | R11: na | S11: 0 | T11: Pending | U11: =K11-N11-O11-Q11-S11 | V11: if A/Topay&Ftopay Na | W11: 0 | X11: 46264 | Y11: 0 | Z11: =K11-N11-O11-U11 | AA11: 0 | AB11: F/TO-PAY Shipment
